image_index,image_name,preset,attack,psnr,ssim,text,success,soft_success,ber,runtime_ms,confidence,path_used,valid_units,output_height,output_width,texture_score,failure_label
0,000000000139.jpg,Base,real_top30_resize,45.80581104209044,0.9889448856906208,,False,False,1.0,2.128,0.0,classic_dct,0,426,640,305.1428,crop_phase_miss
0,000000000139.jpg,Base,rotate_1deg,45.80581104209044,0.9889448856906208,,False,False,1.0,3.135,0.0,classic_dct,0,426,640,305.1428,crop_phase_miss
0,000000000139.jpg,JND,real_top30_resize,46.81589823746108,0.9933106077940915,,False,False,1.0,3.302,0.0,classic_dct_jnd,0,426,640,305.1428,crop_phase_miss
0,000000000139.jpg,JND,rotate_1deg,46.81589823746108,0.9933106077940915,,False,False,1.0,1.97,0.0,classic_dct_jnd,0,426,640,305.1428,crop_phase_miss
0,000000000139.jpg,Tile_only,real_top30_resize,42.84588584986351,0.9725815289669892,,False,False,1.0,71.775,0.894958,fixed_grid_tile,5,426,640,305.1428,crop_phase_miss
0,000000000139.jpg,Tile_only,rotate_1deg,42.84588584986351,0.9725815289669892,,False,False,1.0,38.166,0.0,fixed_grid_tile,0,426,640,305.1428,crop_phase_miss
0,000000000139.jpg,Tile,real_top30_resize,44.171213621212424,0.9851920354255098,,False,False,1.0,118.425,1.0,fixed_grid_tile,3,426,640,305.1428,crop_phase_miss
0,000000000139.jpg,Tile,rotate_1deg,44.171213621212424,0.9851920354255098,,False,False,1.0,74.657,0.0,fixed_grid_tile,0,426,640,305.1428,crop_phase_miss
0,000000000139.jpg,Sync,real_top30_resize,43.04228225602101,0.9815305910377604,,False,False,1.0,200.864,0.0,fixed_grid_sync,0,426,640,305.1428,sync_fail
0,000000000139.jpg,Sync,rotate_1deg,43.04228225602101,0.9815305910377604,,False,False,1.0,230.395,0.0,fixed_grid_sync,0,426,640,305.1428,sync_fail
0,000000000139.jpg,Full,real_top30_resize,40.13731804733141,0.9629102525416392,,False,False,1.0,948.628,0.0,phase_search_timeout,15,426,640,305.1428,crop_phase_miss
0,000000000139.jpg,Full,rotate_1deg,40.13731804733141,0.9629102525416392,,False,False,1.0,788.651,0.0,phase_search_timeout,15,426,640,305.1428,crop_phase_miss
1,000000027768.jpg,Base,real_top30_resize,45.31968104273923,0.993884468287303,,False,False,1.0,4.195,0.0,classic_dct,0,612,612,784.0437,crop_phase_miss
1,000000027768.jpg,Base,rotate_1deg,45.31968104273923,0.993884468287303,,False,False,1.0,5.94,0.0,classic_dct,0,612,612,784.0437,crop_phase_miss
1,000000027768.jpg,JND,real_top30_resize,45.953764664484225,0.9962902359471086,,False,False,1.0,9.682,0.0,classic_dct_jnd,0,612,612,784.0437,crop_phase_miss
1,000000027768.jpg,JND,rotate_1deg,45.953764664484225,0.9962902359471086,,False,False,1.0,4.331,0.0,classic_dct_jnd,0,612,612,784.0437,crop_phase_miss
1,000000027768.jpg,Tile_only,real_top30_resize,42.2383156070941,0.9889558636093471,,False,False,1.0,47.988,0.0,fixed_grid_tile,0,612,612,784.0437,crop_phase_miss
1,000000027768.jpg,Tile_only,rotate_1deg,42.2383156070941,0.9889558636093471,,False,False,1.0,53.512,0.0,fixed_grid_tile,0,612,612,784.0437,crop_phase_miss
1,000000027768.jpg,Tile,real_top30_resize,42.815718654855594,0.9928815692141945,,False,False,1.0,55.79,0.0,fixed_grid_tile,0,612,612,784.0437,crop_phase_miss
1,000000027768.jpg,Tile,rotate_1deg,42.815718654855594,0.9928815692141945,,False,False,1.0,43.798,0.0,fixed_grid_tile,0,612,612,784.0437,crop_phase_miss
1,000000027768.jpg,Sync,real_top30_resize,41.95839169736302,0.991258660984751,,False,False,1.0,104.838,0.0,fixed_grid_sync,0,612,612,784.0437,sync_fail
1,000000027768.jpg,Sync,rotate_1deg,41.95839169736302,0.991258660984751,,False,False,1.0,99.379,0.0,fixed_grid_sync,0,612,612,784.0437,sync_fail
1,000000027768.jpg,Full,real_top30_resize,38.744153074884764,0.9804416077122049,,False,False,1.0,784.849,0.0,phase_search_timeout,16,612,612,784.0437,crop_phase_miss
1,000000027768.jpg,Full,rotate_1deg,38.744153074884764,0.9804416077122049,,False,False,1.0,786.88,0.0,phase_search_timeout,16,612,612,784.0437,crop_phase_miss
2,000000060102.jpg,Base,real_top30_resize,41.8173437408355,0.9865077277414804,,False,False,1.0,3.754,0.0,classic_dct,0,360,640,702.7629,crop_phase_miss
2,000000060102.jpg,Base,rotate_1deg,41.8173437408355,0.9865077277414804,,False,False,1.0,1.842,0.0,classic_dct,0,360,640,702.7629,crop_phase_miss
2,000000060102.jpg,JND,real_top30_resize,42.215759917641975,0.99221587701899,,False,False,1.0,2.283,0.0,classic_dct_jnd,0,360,640,702.7629,crop_phase_miss
2,000000060102.jpg,JND,rotate_1deg,42.215759917641975,0.99221587701899,,False,False,1.0,2.401,0.0,classic_dct_jnd,0,360,640,702.7629,crop_phase_miss
2,000000060102.jpg,Tile_only,real_top30_resize,42.78482162847796,0.977856977516254,,False,False,1.0,22.3,0.0,fixed_grid_tile,0,360,640,702.7629,crop_phase_miss
2,000000060102.jpg,Tile_only,rotate_1deg,42.78482162847796,0.977856977516254,,False,False,1.0,25.912,0.0,fixed_grid_tile,0,360,640,702.7629,crop_phase_miss
2,000000060102.jpg,Tile,real_top30_resize,44.12198742956655,0.989369502336933,,False,False,1.0,41.606,0.0,fixed_grid_tile,0,360,640,702.7629,crop_phase_miss
2,000000060102.jpg,Tile,rotate_1deg,44.12198742956655,0.989369502336933,,False,False,1.0,46.807,0.0,fixed_grid_tile,0,360,640,702.7629,crop_phase_miss
2,000000060102.jpg,Sync,real_top30_resize,43.76320185796559,0.9870435755988456,,False,False,1.0,44.392,0.0,fixed_grid_sync,0,360,640,702.7629,sync_fail
2,000000060102.jpg,Sync,rotate_1deg,43.76320185796559,0.9870435755988456,,False,False,1.0,40.863,0.0,fixed_grid_sync,0,360,640,702.7629,sync_fail
2,000000060102.jpg,Full,real_top30_resize,39.38064841549411,0.9733360343899663,,False,False,1.0,1484.012,0.0,phase_search_timeout,10,360,640,702.7629,crop_phase_miss
2,000000060102.jpg,Full,rotate_1deg,39.38064841549411,0.9733360343899663,,False,False,1.0,733.715,0.0,phase_search_timeout,10,360,640,702.7629,crop_phase_miss
3,000000092053.jpg,Base,real_top30_resize,46.38554625886368,0.9862176830130741,,False,False,1.0,3.445,0.0,classic_dct,0,427,640,232.8556,crop_phase_miss
3,000000092053.jpg,Base,rotate_1deg,46.38554625886368,0.9862176830130741,,False,False,1.0,1.978,0.0,classic_dct,0,427,640,232.8556,crop_phase_miss
3,000000092053.jpg,JND,real_top30_resize,47.384672631533476,0.991193015725333,,False,False,1.0,3.593,0.0,classic_dct_jnd,0,427,640,232.8556,crop_phase_miss
3,000000092053.jpg,JND,rotate_1deg,47.384672631533476,0.991193015725333,,False,False,1.0,2.129,0.0,classic_dct_jnd,0,427,640,232.8556,crop_phase_miss
3,000000092053.jpg,Tile_only,real_top30_resize,42.803763791292795,0.9709665205900808,,False,False,1.0,29.177,1.0,fixed_grid_tile,3,427,640,232.8556,crop_phase_miss
3,000000092053.jpg,Tile_only,rotate_1deg,42.803763791292795,0.9709665205900808,,False,False,1.0,70.821,0.0,fixed_grid_tile,0,427,640,232.8556,crop_phase_miss
3,000000092053.jpg,Tile,real_top30_resize,43.8812851071269,0.9831534518325231,,False,False,1.0,57.605,1.0,fixed_grid_tile,3,427,640,232.8556,crop_phase_miss
3,000000092053.jpg,Tile,rotate_1deg,43.8812851071269,0.9831534518325231,,False,False,1.0,57.245,0.0,fixed_grid_tile,0,427,640,232.8556,crop_phase_miss
3,000000092053.jpg,Sync,real_top30_resize,42.81598171971403,0.9803018137814502,,False,False,1.0,65.897,0.0,fixed_grid_sync,0,427,640,232.8556,sync_fail
3,000000092053.jpg,Sync,rotate_1deg,42.81598171971403,0.9803018137814502,,False,False,1.0,56.24,0.0,fixed_grid_sync,0,427,640,232.8556,sync_fail
3,000000092053.jpg,Full,real_top30_resize,40.63552104004551,0.9602054305663557,,False,False,1.0,839.254,0.0,phase_search_timeout,15,427,640,232.8556,crop_phase_miss
3,000000092053.jpg,Full,rotate_1deg,40.63552104004551,0.9602054305663557,,False,False,1.0,780.566,0.0,phase_search_timeout,15,427,640,232.8556,crop_phase_miss
4,000000125472.jpg,Base,real_top30_resize,42.28341628178462,0.9885806894221908,,False,False,1.0,2.71,0.0,classic_dct,0,640,427,980.9828,crop_phase_miss
4,000000125472.jpg,Base,rotate_1deg,42.28341628178462,0.9885806894221908,,False,False,1.0,2.569,0.0,classic_dct,0,640,427,980.9828,crop_phase_miss
4,000000125472.jpg,JND,real_top30_resize,42.56128542653717,0.9939770058696441,,False,False,1.0,2.028,0.0,classic_dct_jnd,0,640,427,980.9828,crop_phase_miss
4,000000125472.jpg,JND,rotate_1deg,42.56128542653717,0.9939770058696441,,False,False,1.0,2.99,0.0,classic_dct_jnd,0,640,427,980.9828,crop_phase_miss
4,000000125472.jpg,Tile_only,real_top30_resize,41.615251780278655,0.9718265123631851,,False,False,1.0,21.418,0.0,fixed_grid_tile,0,640,427,980.9828,crop_phase_miss
4,000000125472.jpg,Tile_only,rotate_1deg,41.615251780278655,0.9718265123631851,,False,False,1.0,20.156,1.0,fixed_grid_tile,1,640,427,980.9828,crop_phase_miss
4,000000125472.jpg,Tile,real_top30_resize,42.67430548751875,0.9868759856505528,,False,False,1.0,83.571,0.0,fixed_grid_tile,0,640,427,980.9828,crop_phase_miss
4,000000125472.jpg,Tile,rotate_1deg,42.67430548751875,0.9868759856505528,,False,False,1.0,63.72,0.0,fixed_grid_tile,0,640,427,980.9828,crop_phase_miss
4,000000125472.jpg,Sync,real_top30_resize,41.565215724801504,0.9834121751590129,,False,False,1.0,51.472,0.0,fixed_grid_sync,0,640,427,980.9828,sync_fail
4,000000125472.jpg,Sync,rotate_1deg,41.565215724801504,0.9834121751590129,,False,False,1.0,55.537,0.0,fixed_grid_sync,0,640,427,980.9828,sync_fail
4,000000125472.jpg,Full,real_top30_resize,37.92205886413545,0.9649451229977153,,False,False,1.0,754.12,0.0,phase_search_timeout,15,640,427,980.9828,crop_phase_miss
4,000000125472.jpg,Full,rotate_1deg,37.92205886413545,0.9649451229977153,,False,False,1.0,755.794,0.0,phase_search_timeout,15,640,427,980.9828,crop_phase_miss
5,000000154705.jpg,Base,real_top30_resize,43.47748364878334,0.9901426003295489,,False,False,1.0,3.132,0.0,classic_dct,0,464,640,729.8141,crop_phase_miss
5,000000154705.jpg,Base,rotate_1deg,43.47748364878334,0.9901426003295489,,False,False,1.0,4.459,0.0,classic_dct,0,464,640,729.8141,crop_phase_miss
5,000000154705.jpg,JND,real_top30_resize,43.90087871320037,0.9940049923306542,,False,False,1.0,6.928,0.0,classic_dct_jnd,0,464,640,729.8141,crop_phase_miss
5,000000154705.jpg,JND,rotate_1deg,43.90087871320037,0.9940049923306542,,False,False,1.0,3.564,0.0,classic_dct_jnd,0,464,640,729.8141,crop_phase_miss
5,000000154705.jpg,Tile_only,real_top30_resize,41.89838847154916,0.9762447542256708,,False,False,1.0,22.895,0.0,fixed_grid_tile,0,464,640,729.8141,crop_phase_miss
5,000000154705.jpg,Tile_only,rotate_1deg,41.89838847154916,0.9762447542256708,,False,False,1.0,23.292,1.0,fixed_grid_tile,1,464,640,729.8141,crop_phase_miss
5,000000154705.jpg,Tile,real_top30_resize,42.86076053928333,0.9876460805422939,,False,False,1.0,21.175,0.0,fixed_grid_tile,0,464,640,729.8141,crop_phase_miss
5,000000154705.jpg,Tile,rotate_1deg,42.86076053928333,0.9876460805422939,,False,False,1.0,23.416,1.0,fixed_grid_tile,2,464,640,729.8141,crop_phase_miss
5,000000154705.jpg,Sync,real_top30_resize,42.22298714802409,0.9858223149114759,,False,False,1.0,44.458,0.0,fixed_grid_sync,0,464,640,729.8141,sync_fail
5,000000154705.jpg,Sync,rotate_1deg,42.22298714802409,0.9858223149114759,,False,False,1.0,49.877,0.0,fixed_grid_sync,0,464,640,729.8141,sync_fail
5,000000154705.jpg,Full,real_top30_resize,38.770811678923394,0.9698747658640994,,False,False,1.0,752.724,0.0,phase_search_timeout,15,464,640,729.8141,crop_phase_miss
5,000000154705.jpg,Full,rotate_1deg,38.770811678923394,0.9698747658640994,,False,False,1.0,748.49,0.0,phase_search_timeout,15,464,640,729.8141,crop_phase_miss
6,000000181859.jpg,Base,real_top30_resize,45.876736183716886,0.9883249451148386,,False,False,1.0,4.083,0.0,classic_dct,0,640,426,184.7039,crop_phase_miss
6,000000181859.jpg,Base,rotate_1deg,45.876736183716886,0.9883249451148386,,False,False,1.0,1.995,0.0,classic_dct,0,640,426,184.7039,crop_phase_miss
6,000000181859.jpg,JND,real_top30_resize,47.034506751162304,0.9934276801359379,,False,False,1.0,2.271,0.0,classic_dct_jnd,0,640,426,184.7039,crop_phase_miss
6,000000181859.jpg,JND,rotate_1deg,47.034506751162304,0.9934276801359379,,False,False,1.0,2.76,0.0,classic_dct_jnd,0,640,426,184.7039,crop_phase_miss
6,000000181859.jpg,Tile_only,real_top30_resize,42.89329569975963,0.9732914427929908,,False,False,1.0,76.33,0.0,fixed_grid_tile,0,640,426,184.7039,crop_phase_miss
6,000000181859.jpg,Tile_only,rotate_1deg,42.89329569975963,0.9732914427929908, Å ·zN S Ô\\ C<,False,False,0.428571,205.47,1.0,fixed_grid_tile,1,640,426,184.7039,crop_phase_miss
6,000000181859.jpg,Tile,real_top30_resize,44.27912985497702,0.9861285480733214,,False,False,1.0,22.188,0.0,fixed_grid_tile,0,640,426,184.7039,crop_phase_miss
6,000000181859.jpg,Tile,rotate_1deg,44.27912985497702,0.9861285480733214, Ç ·zJ S ÔÔ A<Ý_S '~,False,False,0.450758,26.175,1.0,fixed_grid_tile,1,640,426,184.7039,crop_phase_miss
6,000000181859.jpg,Sync,real_top30_resize,43.14767447199039,0.9829019028639904,,False,False,1.0,45.387,0.0,fixed_grid_sync,0,640,426,184.7039,sync_fail
6,000000181859.jpg,Sync,rotate_1deg,43.14767447199039,0.9829019028639904,,False,False,1.0,45.042,0.0,fixed_grid_sync,0,640,426,184.7039,sync_fail
6,000000181859.jpg,Full,real_top30_resize,40.59713341428118,0.9628337341758483,,False,False,1.0,768.599,0.0,phase_search_timeout,15,640,426,184.7039,crop_phase_miss
6,000000181859.jpg,Full,rotate_1deg,40.59713341428118,0.9628337341758483,,False,False,1.0,752.144,0.0,phase_search_timeout,15,640,426,184.7039,crop_phase_miss
7,000000212072.jpg,Base,real_top30_resize,41.7354216662891,0.9886744466924737,,False,False,1.0,1.566,0.0,classic_dct,0,375,500,773.8563,crop_phase_miss
7,000000212072.jpg,Base,rotate_1deg,41.7354216662891,0.9886744466924737,,False,False,1.0,1.755,0.0,classic_dct,0,375,500,773.8563,crop_phase_miss
7,000000212072.jpg,JND,real_top30_resize,42.28134923709537,0.9926023750053866,,False,False,1.0,1.493,0.0,classic_dct_jnd,0,375,500,773.8563,crop_phase_miss
7,000000212072.jpg,JND,rotate_1deg,42.28134923709537,0.9926023750053866,,False,False,1.0,1.336,0.0,classic_dct_jnd,0,375,500,773.8563,crop_phase_miss
7,000000212072.jpg,Tile_only,real_top30_resize,44.855417962921535,0.9848681409221122,,False,False,1.0,13.299,0.0,fixed_grid_tile,0,375,500,773.8563,crop_phase_miss
7,000000212072.jpg,Tile_only,rotate_1deg,44.855417962921535,0.9848681409221122,,False,False,1.0,9.066,0.0,fixed_grid_tile,0,375,500,773.8563,crop_phase_miss
7,000000212072.jpg,Tile,real_top30_resize,46.50884095754005,0.9925523763849031,,False,False,1.0,15.663,0.0,fixed_grid_tile,0,375,500,773.8563,crop_phase_miss
7,000000212072.jpg,Tile,rotate_1deg,46.50884095754005,0.9925523763849031,,False,False,1.0,17.324,0.0,fixed_grid_tile,0,375,500,773.8563,crop_phase_miss
7,000000212072.jpg,Sync,real_top30_resize,45.462956791027224,0.9914835773663753,,False,False,1.0,56.983,0.0,fixed_grid_sync,0,375,500,773.8563,sync_fail
7,000000212072.jpg,Sync,rotate_1deg,45.462956791027224,0.9914835773663753,,False,False,1.0,59.722,0.0,fixed_grid_sync,0,375,500,773.8563,sync_fail
7,000000212072.jpg,Full,real_top30_resize,40.585645923964066,0.9847501736194951,,False,False,1.0,750.546,0.0,phase_search_timeout,6,375,500,773.8563,crop_phase_miss
7,000000212072.jpg,Full,rotate_1deg,40.585645923964066,0.9847501736194951,,False,False,1.0,739.646,0.0,phase_search_timeout,6,375,500,773.8563,crop_phase_miss
8,000000241677.jpg,Base,real_top30_resize,43.05973557056192,0.9956458685289089,,False,False,1.0,4.726,0.0,classic_dct,0,480,640,796.4845,crop_phase_miss
8,000000241677.jpg,Base,rotate_1deg,43.05973557056192,0.9956458685289089,,False,False,1.0,2.255,0.0,classic_dct,0,480,640,796.4845,crop_phase_miss
8,000000241677.jpg,JND,real_top30_resize,43.51069114151777,0.9965723190184151,,False,False,1.0,6.122,0.0,classic_dct_jnd,0,480,640,796.4845,crop_phase_miss
8,000000241677.jpg,JND,rotate_1deg,43.51069114151777,0.9965723190184151,,False,False,1.0,2.996,0.0,classic_dct_jnd,0,480,640,796.4845,crop_phase_miss
8,000000241677.jpg,Tile_only,real_top30_resize,40.91313384462556,0.9907198556730463,,False,False,1.0,23.587,0.0,fixed_grid_tile,0,480,640,796.4845,crop_phase_miss
8,000000241677.jpg,Tile_only,rotate_1deg,40.91313384462556,0.9907198556730463,,False,False,1.0,22.51,0.0,fixed_grid_tile,0,480,640,796.4845,crop_phase_miss
8,000000241677.jpg,Tile,real_top30_resize,41.61731035649352,0.993593141587805,,False,False,1.0,39.539,0.0,fixed_grid_tile,0,480,640,796.4845,crop_phase_miss
8,000000241677.jpg,Tile,rotate_1deg,41.61731035649352,0.993593141587805,,False,False,1.0,27.669,0.0,fixed_grid_tile,0,480,640,796.4845,crop_phase_miss
8,000000241677.jpg,Sync,real_top30_resize,40.5461070651781,0.9920938808122666,,False,False,1.0,46.987,0.0,fixed_grid_sync,0,480,640,796.4845,sync_fail
8,000000241677.jpg,Sync,rotate_1deg,40.5461070651781,0.9920938808122666,,False,False,1.0,46.964,0.0,fixed_grid_sync,0,480,640,796.4845,sync_fail
8,000000241677.jpg,Full,real_top30_resize,37.724869477901954,0.9865931885914041,,False,False,1.0,756.309,0.0,phase_search_timeout,15,480,640,796.4845,crop_phase_miss
8,000000241677.jpg,Full,rotate_1deg,37.724869477901954,0.9865931885914041,,False,False,1.0,777.265,0.0,phase_search_timeout,15,480,640,796.4845,crop_phase_miss
9,000000274066.jpg,Base,real_top30_resize,42.62607505173783,0.9939418799181079,,False,False,1.0,4.626,0.0,classic_dct,0,427,640,901.3745,crop_phase_miss
9,000000274066.jpg,Base,rotate_1deg,42.62607505173783,0.9939418799181079,,False,False,1.0,2.647,0.0,classic_dct,0,427,640,901.3745,crop_phase_miss
9,000000274066.jpg,JND,real_top30_resize,43.05492036255964,0.995683156540944,,False,False,1.0,2.404,0.0,classic_dct_jnd,0,427,640,901.3745,crop_phase_miss
9,000000274066.jpg,JND,rotate_1deg,43.05492036255964,0.995683156540944,,False,False,1.0,1.986,0.0,classic_dct_jnd,0,427,640,901.3745,crop_phase_miss
9,000000274066.jpg,Tile_only,real_top30_resize,40.8980042677081,0.9878355707426401,,False,False,1.0,20.29,0.0,fixed_grid_tile,0,427,640,901.3745,crop_phase_miss
9,000000274066.jpg,Tile_only,rotate_1deg,40.8980042677081,0.9878355707426401,,False,False,1.0,26.662,1.0,fixed_grid_tile,1,427,640,901.3745,crop_phase_miss
9,000000274066.jpg,Tile,real_top30_resize,41.63785578257005,0.9923248376601158,,False,False,1.0,55.82,0.0,fixed_grid_tile,0,427,640,901.3745,crop_phase_miss
9,000000274066.jpg,Tile,rotate_1deg,41.63785578257005,0.9923248376601158,,False,False,1.0,60.067,1.0,fixed_grid_tile,1,427,640,901.3745,crop_phase_miss
9,000000274066.jpg,Sync,real_top30_resize,40.63942034594401,0.9907808305517963,,False,False,1.0,57.344,0.0,fixed_grid_sync,0,427,640,901.3745,sync_fail
9,000000274066.jpg,Sync,rotate_1deg,40.63942034594401,0.9907808305517963,,False,False,1.0,64.675,0.0,fixed_grid_sync,0,427,640,901.3745,sync_fail
9,000000274066.jpg,Full,real_top30_resize,37.48688318996475,0.9810293456420813,,False,False,1.0,764.74,0.0,phase_search_timeout,15,427,640,901.3745,crop_phase_miss
9,000000274066.jpg,Full,rotate_1deg,37.48688318996475,0.9810293456420813,,False,False,1.0,837.698,0.0,phase_search_timeout,15,427,640,901.3745,crop_phase_miss
10,000000303893.jpg,Base,real_top30_resize,43.393151709622806,0.9947199024079452,,False,False,1.0,4.723,0.0,classic_dct,0,427,640,670.1135,crop_phase_miss
10,000000303893.jpg,Base,rotate_1deg,43.393151709622806,0.9947199024079452,,False,False,1.0,5.643,0.0,classic_dct,0,427,640,670.1135,crop_phase_miss
10,000000303893.jpg,JND,real_top30_resize,43.82996898971296,0.9961222091356464,,False,False,1.0,2.591,0.0,classic_dct_jnd,0,427,640,670.1135,crop_phase_miss
10,000000303893.jpg,JND,rotate_1deg,43.82996898971296,0.9961222091356464,,False,False,1.0,4.47,0.0,classic_dct_jnd,0,427,640,670.1135,crop_phase_miss
10,000000303893.jpg,Tile_only,real_top30_resize,40.77996754652615,0.9901408066675119,,False,False,1.0,22.358,1.0,fixed_grid_tile,1,427,640,670.1135,crop_phase_miss
10,000000303893.jpg,Tile_only,rotate_1deg,40.77996754652615,0.9901408066675119,,False,False,1.0,24.544,1.0,fixed_grid_tile,1,427,640,670.1135,crop_phase_miss
10,000000303893.jpg,Tile,real_top30_resize,41.1932666886964,0.9927794298029801,,False,False,1.0,36.038,1.0,fixed_grid_tile,1,427,640,670.1135,crop_phase_miss
10,000000303893.jpg,Tile,rotate_1deg,41.1932666886964,0.9927794298029801,,False,False,1.0,33.14,1.0,fixed_grid_tile,1,427,640,670.1135,crop_phase_miss
10,000000303893.jpg,Sync,real_top30_resize,40.56968213470366,0.9910044044806593,,False,False,1.0,129.558,0.0,fixed_grid_sync,0,427,640,670.1135,sync_fail
10,000000303893.jpg,Sync,rotate_1deg,40.56968213470366,0.9910044044806593,,False,False,1.0,103.482,0.0,fixed_grid_sync,0,427,640,670.1135,sync_fail
10,000000303893.jpg,Full,real_top30_resize,38.420981931828806,0.9809066301153672,,False,False,1.0,762.13,0.0,phase_search_timeout,15,427,640,670.1135,crop_phase_miss
10,000000303893.jpg,Full,rotate_1deg,38.420981931828806,0.9809066301153672,,False,False,1.0,818.832,0.0,phase_search_timeout,15,427,640,670.1135,crop_phase_miss
11,000000335328.jpg,Base,real_top30_resize,44.22708340590415,0.9949375618031119,,False,False,1.0,2.673,0.0,classic_dct,0,640,512,659.2562,crop_phase_miss
11,000000335328.jpg,Base,rotate_1deg,44.22708340590415,0.9949375618031119,,False,False,1.0,3.93,0.0,classic_dct,0,640,512,659.2562,crop_phase_miss
11,000000335328.jpg,JND,real_top30_resize,44.77392669206527,0.9966009191856849,,False,False,1.0,5.652,0.0,classic_dct_jnd,0,640,512,659.2562,crop_phase_miss
11,000000335328.jpg,JND,rotate_1deg,44.77392669206527,0.9966009191856849,,False,False,1.0,3.774,0.0,classic_dct_jnd,0,640,512,659.2562,crop_phase_miss
11,000000335328.jpg,Tile_only,real_top30_resize,40.16229074481741,0.9843995115937544,,False,False,1.0,46.439,1.0,fixed_grid_tile,1,640,512,659.2562,crop_phase_miss
11,000000335328.jpg,Tile_only,rotate_1deg,40.16229074481741,0.9843995115937544,,False,False,1.0,35.311,1.0,fixed_grid_tile,1,640,512,659.2562,crop_phase_miss
11,000000335328.jpg,Tile,real_top30_resize,40.740263673873656,0.9906323827867868,,False,False,1.0,31.126,1.0,fixed_grid_tile,1,640,512,659.2562,crop_phase_miss
11,000000335328.jpg,Tile,rotate_1deg,40.740263673873656,0.9906323827867868,,False,False,1.0,40.718,1.0,fixed_grid_tile,1,640,512,659.2562,crop_phase_miss
11,000000335328.jpg,Sync,real_top30_resize,40.36959961126791,0.9891143899373999,,False,False,1.0,59.994,0.0,fixed_grid_sync,0,640,512,659.2562,sync_fail
11,000000335328.jpg,Sync,rotate_1deg,40.36959961126791,0.9891143899373999,,False,False,1.0,61.32,0.0,fixed_grid_sync,0,640,512,659.2562,sync_fail
11,000000335328.jpg,Full,real_top30_resize,37.696004354611546,0.9801915205008743,,False,False,1.0,768.56,0.0,phase_search_timeout,20,640,512,659.2562,crop_phase_miss
11,000000335328.jpg,Full,rotate_1deg,37.696004354611546,0.9801915205008743,,False,False,1.0,773.272,0.0,phase_search_timeout,20,640,512,659.2562,crop_phase_miss
12,000000365208.jpg,Base,real_top30_resize,45.065169791751025,0.9947433445315615,,False,False,1.0,5.158,0.0,classic_dct,0,640,603,563.0829,crop_phase_miss
12,000000365208.jpg,Base,rotate_1deg,45.065169791751025,0.9947433445315615,,False,False,1.0,4.273,0.0,classic_dct,0,640,603,563.0829,crop_phase_miss
12,000000365208.jpg,JND,real_top30_resize,45.509686070700326,0.9965169595772846,,False,False,1.0,8.908,0.0,classic_dct_jnd,0,640,603,563.0829,crop_phase_miss
12,000000365208.jpg,JND,rotate_1deg,45.509686070700326,0.9965169595772846,,False,False,1.0,4.11,0.0,classic_dct_jnd,0,640,603,563.0829,crop_phase_miss
12,000000365208.jpg,Tile_only,real_top30_resize,42.2044167924711,0.9846192765316422,,False,False,1.0,63.095,0.0,fixed_grid_tile,0,640,603,563.0829,crop_phase_miss
12,000000365208.jpg,Tile_only,rotate_1deg,42.2044167924711,0.9846192765316422,,False,False,1.0,80.713,0.0,fixed_grid_tile,0,640,603,563.0829,crop_phase_miss
12,000000365208.jpg,Tile,real_top30_resize,43.069103276826965,0.9909276396449795,,False,False,1.0,38.723,0.0,fixed_grid_tile,0,640,603,563.0829,crop_phase_miss
12,000000365208.jpg,Tile,rotate_1deg,43.069103276826965,0.9909276396449795,,False,False,1.0,37.067,1.0,fixed_grid_tile,1,640,603,563.0829,crop_phase_miss
12,000000365208.jpg,Sync,real_top30_resize,42.40226752579914,0.9890005672836842,,False,False,1.0,65.53,0.0,fixed_grid_sync,0,640,603,563.0829,sync_fail
12,000000365208.jpg,Sync,rotate_1deg,42.40226752579914,0.9890005672836842,,False,False,1.0,58.599,0.0,fixed_grid_sync,0,640,603,563.0829,sync_fail
12,000000365208.jpg,Full,real_top30_resize,39.67421937482394,0.9788588534759863,,False,False,1.0,773.364,0.0,phase_search_timeout,20,640,603,563.0829,crop_phase_miss
12,000000365208.jpg,Full,rotate_1deg,39.67421937482394,0.9788588534759863,,False,False,1.0,778.263,0.0,phase_search_timeout,20,640,603,563.0829,crop_phase_miss
13,000000396274.jpg,Base,real_top30_resize,43.274766062446126,0.9942756015386125,,False,False,1.0,2.367,0.0,classic_dct,0,480,640,690.1199,crop_phase_miss
13,000000396274.jpg,Base,rotate_1deg,43.274766062446126,0.9942756015386125,,False,False,1.0,2.45,0.0,classic_dct,0,480,640,690.1199,crop_phase_miss
13,000000396274.jpg,JND,real_top30_resize,43.67813588153137,0.9959854938980414,,False,False,1.0,5.537,0.0,classic_dct_jnd,0,480,640,690.1199,crop_phase_miss
13,000000396274.jpg,JND,rotate_1deg,43.67813588153137,0.9959854938980414,,False,False,1.0,2.595,0.0,classic_dct_jnd,0,480,640,690.1199,crop_phase_miss
13,000000396274.jpg,Tile_only,real_top30_resize,41.60824364281535,0.9861299774058448,,False,False,1.0,22.656,0.0,fixed_grid_tile,0,480,640,690.1199,crop_phase_miss
13,000000396274.jpg,Tile_only,rotate_1deg,41.60824364281535,0.9861299774058448,,False,False,1.0,25.607,0.0,fixed_grid_tile,0,480,640,690.1199,crop_phase_miss
13,000000396274.jpg,Tile,real_top30_resize,42.38675403817127,0.991953435290258,,False,False,1.0,101.153,0.0,fixed_grid_tile,0,480,640,690.1199,crop_phase_miss
13,000000396274.jpg,Tile,rotate_1deg,42.38675403817127,0.991953435290258,,False,False,1.0,82.226,0.0,fixed_grid_tile,0,480,640,690.1199,crop_phase_miss
13,000000396274.jpg,Sync,real_top30_resize,41.10136719507369,0.9898130418807459,,False,False,1.0,60.477,0.0,fixed_grid_sync,0,480,640,690.1199,sync_fail
13,000000396274.jpg,Sync,rotate_1deg,41.10136719507369,0.9898130418807459,Y±GåEÖþu® Ð ,False,False,0.477273,51.804,1.0,fixed_grid_sync,1,480,640,690.1199,sync_fail
13,000000396274.jpg,Full,real_top30_resize,38.41643988027019,0.9808970582112922,,False,False,1.0,809.617,0.0,phase_search_timeout,15,480,640,690.1199,crop_phase_miss
13,000000396274.jpg,Full,rotate_1deg,38.41643988027019,0.9808970582112922,Y±GåEÖþu® Ð ,False,False,0.477273,780.916,1.0,vote_merge,15,480,640,690.1199,sync_fail
14,000000427034.jpg,Base,real_top30_resize,45.52668363952115,0.991149528666378,,False,False,1.0,2.92,0.0,classic_dct,0,480,640,401.7357,crop_phase_miss
14,000000427034.jpg,Base,rotate_1deg,45.52668363952115,0.991149528666378,,False,False,1.0,3.133,0.0,classic_dct,0,480,640,401.7357,crop_phase_miss
14,000000427034.jpg,JND,real_top30_resize,46.28571920469234,0.9946081346157328,,False,False,1.0,6.115,0.0,classic_dct_jnd,0,480,640,401.7357,crop_phase_miss
14,000000427034.jpg,JND,rotate_1deg,46.28571920469234,0.9946081346157328,,False,False,1.0,2.369,0.0,classic_dct_jnd,0,480,640,401.7357,crop_phase_miss
14,000000427034.jpg,Tile_only,real_top30_resize,42.69700467428002,0.9803610033690076,,False,False,1.0,21.649,0.0,fixed_grid_tile,0,480,640,401.7357,crop_phase_miss
14,000000427034.jpg,Tile_only,rotate_1deg,42.69700467428002,0.9803610033690076,"/å,s-8ä­ÊzÕo&Åª ÿ7ÐHðJf´­ ",False,False,0.485119,25.533,1.0,fixed_grid_tile,2,480,640,401.7357,crop_phase_miss
14,000000427034.jpg,Tile,real_top30_resize,43.51905406731571,0.988786036629406,,False,False,1.0,52.006,0.0,fixed_grid_tile,0,480,640,401.7357,crop_phase_miss
14,000000427034.jpg,Tile,rotate_1deg,43.51905406731571,0.988786036629406,")¥,s-¸ä¬Ê~Õo&Åª ÿ7",False,False,0.5,47.481,1.0,fixed_grid_tile,2,480,640,401.7357,crop_phase_miss
14,000000427034.jpg,Sync,real_top30_resize,42.080851805520815,0.9860605828927962,,False,False,1.0,46.157,0.0,fixed_grid_sync,0,480,640,401.7357,sync_fail
14,000000427034.jpg,Sync,rotate_1deg,42.080851805520815,0.9860605828927962,,False,False,1.0,42.846,0.0,fixed_grid_sync,0,480,640,401.7357,sync_fail
14,000000427034.jpg,Full,real_top30_resize,39.83809052427663,0.9727873261414243,,False,False,1.0,748.879,0.0,phase_search_timeout,15,480,640,401.7357,crop_phase_miss
14,000000427034.jpg,Full,rotate_1deg,39.83809052427663,0.9727873261414243,,False,False,1.0,753.721,0.0,phase_search_timeout,15,480,640,401.7357,crop_phase_miss
15,000000458109.jpg,Base,real_top30_resize,42.395579529918265,0.9938687567007904,,False,False,1.0,3.033,0.0,classic_dct,0,480,640,1335.6729,crop_phase_miss
15,000000458109.jpg,Base,rotate_1deg,42.395579529918265,0.9938687567007904,,False,False,1.0,2.895,0.0,classic_dct,0,480,640,1335.6729,crop_phase_miss
15,000000458109.jpg,JND,real_top30_resize,42.775931167218644,0.9957400614337922,,False,False,1.0,2.978,0.0,classic_dct_jnd,0,480,640,1335.6729,crop_phase_miss
15,000000458109.jpg,JND,rotate_1deg,42.775931167218644,0.9957400614337922,,False,False,1.0,4.221,0.0,classic_dct_jnd,0,480,640,1335.6729,crop_phase_miss
15,000000458109.jpg,Tile_only,real_top30_resize,40.19818662067024,0.9857399202297606,,False,False,1.0,33.498,0.0,fixed_grid_tile,0,480,640,1335.6729,crop_phase_miss
15,000000458109.jpg,Tile_only,rotate_1deg,40.19818662067024,0.9857399202297606,,False,False,1.0,27.14,0.0,fixed_grid_tile,0,480,640,1335.6729,crop_phase_miss
15,000000458109.jpg,Tile,real_top30_resize,40.78393799781955,0.9919237006411705,,False,False,1.0,22.844,0.0,fixed_grid_tile,0,480,640,1335.6729,crop_phase_miss
15,000000458109.jpg,Tile,rotate_1deg,40.78393799781955,0.9919237006411705,,False,False,1.0,20.531,0.0,fixed_grid_tile,0,480,640,1335.6729,crop_phase_miss
15,000000458109.jpg,Sync,real_top30_resize,40.027111611100906,0.9903143052815587,,False,False,1.0,49.748,0.0,fixed_grid_sync,0,480,640,1335.6729,sync_fail
15,000000458109.jpg,Sync,rotate_1deg,40.027111611100906,0.9903143052815587,,False,False,1.0,46.27,0.0,fixed_grid_sync,0,480,640,1335.6729,sync_fail
15,000000458109.jpg,Full,real_top30_resize,36.856487014708286,0.9799282205120966,,False,False,1.0,750.592,0.0,phase_search_timeout,15,480,640,1335.6729,crop_phase_miss
15,000000458109.jpg,Full,rotate_1deg,36.856487014708286,0.9799282205120966,,False,False,1.0,748.288,0.0,phase_search_timeout,15,480,640,1335.6729,crop_phase_miss
16,000000486040.jpg,Base,real_top30_resize,44.57348141641533,0.991457147128334,,False,False,1.0,2.809,0.0,classic_dct,0,640,480,848.8292,crop_phase_miss
16,000000486040.jpg,Base,rotate_1deg,44.57348141641533,0.991457147128334,,False,False,1.0,2.46,0.0,classic_dct,0,640,480,848.8292,crop_phase_miss
16,000000486040.jpg,JND,real_top30_resize,45.18871120068518,0.9952025013717961,,False,False,1.0,3.128,0.0,classic_dct_jnd,0,640,480,848.8292,crop_phase_miss
16,000000486040.jpg,JND,rotate_1deg,45.18871120068518,0.9952025013717961,,False,False,1.0,2.426,0.0,classic_dct_jnd,0,640,480,848.8292,crop_phase_miss
16,000000486040.jpg,Tile_only,real_top30_resize,40.20071330337696,0.9794711862281493,,False,False,1.0,26.3,0.0,fixed_grid_tile,0,640,480,848.8292,crop_phase_miss
16,000000486040.jpg,Tile_only,rotate_1deg,40.20071330337696,0.9794711862281493,,False,False,1.0,40.149,0.0,fixed_grid_tile,0,640,480,848.8292,crop_phase_miss
16,000000486040.jpg,Tile,real_top30_resize,40.72558935456862,0.9879378110785757,,False,False,1.0,47.424,0.0,fixed_grid_tile,0,640,480,848.8292,crop_phase_miss
16,000000486040.jpg,Tile,rotate_1deg,40.72558935456862,0.9879378110785757,,False,False,1.0,55.917,0.0,fixed_grid_tile,0,640,480,848.8292,crop_phase_miss
16,000000486040.jpg,Sync,real_top30_resize,40.27960471379774,0.985142362742767,,False,False,1.0,55.541,0.0,fixed_grid_sync,0,640,480,848.8292,sync_fail
16,000000486040.jpg,Sync,rotate_1deg,40.27960471379774,0.985142362742767,,False,False,1.0,60.173,0.0,fixed_grid_sync,0,640,480,848.8292,sync_fail
16,000000486040.jpg,Full,real_top30_resize,38.22061199057246,0.9711244851408148,,False,False,1.0,779.396,0.0,phase_search_timeout,15,640,480,848.8292,crop_phase_miss
16,000000486040.jpg,Full,rotate_1deg,38.22061199057246,0.9711244851408148,,False,False,1.0,758.406,0.0,phase_search_timeout,15,640,480,848.8292,crop_phase_miss
17,000000519208.jpg,Base,real_top30_resize,45.44350861477973,0.9905814815492751,,False,False,1.0,2.752,0.0,classic_dct,0,406,640,137.8481,crop_phase_miss
17,000000519208.jpg,Base,rotate_1deg,45.44350861477973,0.9905814815492751,,False,False,1.0,3.558,0.0,classic_dct,0,406,640,137.8481,crop_phase_miss
17,000000519208.jpg,JND,real_top30_resize,46.314510278371415,0.9937374907663783,,False,False,1.0,3.888,0.0,classic_dct_jnd,0,406,640,137.8481,crop_phase_miss
17,000000519208.jpg,JND,rotate_1deg,46.314510278371415,0.9937374907663783,,False,False,1.0,64.867,0.0,classic_dct_jnd,0,406,640,137.8481,crop_phase_miss
17,000000519208.jpg,Tile_only,real_top30_resize,41.884640094392616,0.9805418203787756,,False,False,1.0,23.574,0.0,fixed_grid_tile,0,406,640,137.8481,crop_phase_miss
17,000000519208.jpg,Tile_only,rotate_1deg,41.884640094392616,0.9805418203787756,,False,False,1.0,27.1,0.0,fixed_grid_tile,0,406,640,137.8481,crop_phase_miss
17,000000519208.jpg,Tile,real_top30_resize,42.49032194604331,0.9863780988494467,,False,False,1.0,35.1,0.0,fixed_grid_tile,0,406,640,137.8481,crop_phase_miss
17,000000519208.jpg,Tile,rotate_1deg,42.49032194604331,0.9863780988494467,,False,False,1.0,31.351,0.0,fixed_grid_tile,0,406,640,137.8481,crop_phase_miss
17,000000519208.jpg,Sync,real_top30_resize,41.7461031573982,0.9829755127097715,,False,False,1.0,50.791,0.0,fixed_grid_sync,0,406,640,137.8481,sync_fail
17,000000519208.jpg,Sync,rotate_1deg,41.7461031573982,0.9829755127097715,,False,False,1.0,40.037,0.0,fixed_grid_sync,0,406,640,137.8481,sync_fail
17,000000519208.jpg,Full,real_top30_resize,39.7675577411801,0.9667914878110132,,False,False,1.0,832.027,0.0,phase_search_timeout,15,406,640,137.8481,crop_phase_miss
17,000000519208.jpg,Full,rotate_1deg,39.7675577411801,0.9667914878110132,,False,False,1.0,780.05,0.0,phase_search_timeout,15,406,640,137.8481,crop_phase_miss
18,000000551660.jpg,Base,real_top30_resize,43.899929489967995,0.991237948588666,,False,False,1.0,2.942,0.0,classic_dct,0,640,424,526.0621,crop_phase_miss
18,000000551660.jpg,Base,rotate_1deg,43.899929489967995,0.991237948588666,,False,False,1.0,7.012,0.0,classic_dct,0,640,424,526.0621,crop_phase_miss
18,000000551660.jpg,JND,real_top30_resize,44.42762058601089,0.9948872473116648,,False,False,1.0,2.381,0.0,classic_dct_jnd,0,640,424,526.0621,crop_phase_miss
18,000000551660.jpg,JND,rotate_1deg,44.42762058601089,0.9948872473116648,,False,False,1.0,2.877,0.0,classic_dct_jnd,0,640,424,526.0621,crop_phase_miss
18,000000551660.jpg,Tile_only,real_top30_resize,41.72249019737259,0.9786227201333094,,False,False,1.0,32.053,0.0,fixed_grid_tile,0,640,424,526.0621,crop_phase_miss
18,000000551660.jpg,Tile_only,rotate_1deg,41.72249019737259,0.9786227201333094,,False,False,1.0,23.088,0.0,fixed_grid_tile,0,640,424,526.0621,crop_phase_miss
18,000000551660.jpg,Tile,real_top30_resize,42.694904242403325,0.9888910196968564,,False,False,1.0,21.376,0.0,fixed_grid_tile,0,640,424,526.0621,crop_phase_miss
18,000000551660.jpg,Tile,rotate_1deg,42.694904242403325,0.9888910196968564,,False,False,1.0,24.26,0.0,fixed_grid_tile,0,640,424,526.0621,crop_phase_miss
18,000000551660.jpg,Sync,real_top30_resize,41.38689500002158,0.986164128724339,,False,False,1.0,44.339,0.0,fixed_grid_sync,0,640,424,526.0621,sync_fail
18,000000551660.jpg,Sync,rotate_1deg,41.38689500002158,0.986164128724339,,False,False,1.0,43.055,0.0,fixed_grid_sync,0,640,424,526.0621,sync_fail
18,000000551660.jpg,Full,real_top30_resize,38.70542505555475,0.9731757530461012,,False,False,1.0,784.753,0.0,phase_search_timeout,15,640,424,526.0621,crop_phase_miss
18,000000551660.jpg,Full,rotate_1deg,38.70542505555475,0.9731757530461012,,False,False,1.0,847.056,0.0,phase_search_timeout,15,640,424,526.0621,crop_phase_miss
19,000000581781.jpg,Base,real_top30_resize,44.21537736900266,0.9903217546370742,,False,False,1.0,7.967,0.0,classic_dct,0,478,640,824.502,crop_phase_miss
19,000000581781.jpg,Base,rotate_1deg,44.21537736900266,0.9903217546370742,,False,False,1.0,3.757,0.0,classic_dct,0,478,640,824.502,crop_phase_miss
19,000000581781.jpg,JND,real_top30_resize,44.74215491219592,0.992781188493982,,False,False,1.0,12.259,0.0,classic_dct_jnd,0,478,640,824.502,crop_phase_miss
19,000000581781.jpg,JND,rotate_1deg,44.74215491219592,0.992781188493982,,False,False,1.0,3.469,0.0,classic_dct_jnd,0,478,640,824.502,crop_phase_miss
19,000000581781.jpg,Tile_only,real_top30_resize,41.899187360932444,0.9826904628909556,,False,False,1.0,60.469,1.0,fixed_grid_tile,1,478,640,824.502,crop_phase_miss
19,000000581781.jpg,Tile_only,rotate_1deg,41.899187360932444,0.9826904628909556,,False,False,1.0,60.564,1.0,fixed_grid_tile,1,478,640,824.502,crop_phase_miss
19,000000581781.jpg,Tile,real_top30_resize,42.552277078860044,0.9887313950702078,,False,False,1.0,79.871,0.0,fixed_grid_tile,0,478,640,824.502,crop_phase_miss
19,000000581781.jpg,Tile,rotate_1deg,42.552277078860044,0.9887313950702078,,False,False,1.0,55.511,1.0,fixed_grid_tile,1,478,640,824.502,crop_phase_miss
19,000000581781.jpg,Sync,real_top30_resize,41.62485427829107,0.9867028154428306,,False,False,1.0,60.425,0.0,fixed_grid_sync,0,478,640,824.502,sync_fail
19,000000581781.jpg,Sync,rotate_1deg,41.62485427829107,0.9867028154428306,,False,False,1.0,45.576,0.0,fixed_grid_sync,0,478,640,824.502,sync_fail
19,000000581781.jpg,Full,real_top30_resize,39.13273470931304,0.9754952221648507,,False,False,1.0,791.525,0.0,phase_search_timeout,15,478,640,824.502,crop_phase_miss
19,000000581781.jpg,Full,rotate_1deg,39.13273470931304,0.9754952221648507,,False,False,1.0,763.626,0.0,phase_search_timeout,15,478,640,824.502,crop_phase_miss
